<?xml version="1.0" encoding="UTF-8"?>
<project-private xmlns="http://www.netbeans.org/ns/project-private/1">
    <editor-bookmarks xmlns="http://www.netbeans.org/ns/editor-bookmarks/2" lastBookmarkId="0"/>
    <open-files xmlns="http://www.netbeans.org/ns/projectui-open-files/2">
        <group>
            <file>file:/C:/Users/brcol/Desktop/Git/Listas-POO-SCC0604/Lista%2010/ex2/src/ex2/UsaContaA.java</file>
            <file>file:/C:/Users/brcol/Desktop/Git/Listas-POO-SCC0604/Lista%2010/ex2/src/ex2/ContaBancariaA.java</file>
            <file>file:/C:/Users/brcol/Desktop/Git/Listas-POO-SCC0604/Lista%2010/ex2/src/ex2/ContaBancariaB.java</file>
            <file>file:/C:/Users/brcol/Desktop/Git/Listas-POO-SCC0604/Lista%2010/ex2/src/ex2/Ex2.java</file>
            <file>file:/C:/Users/brcol/Desktop/Git/Listas-POO-SCC0604/Lista%2010/ex2/src/ex2/UsaContaB.java</file>
        </group>
    </open-files>
</project-private>
