<?xml version="1.0" encoding="UTF-8"?>
<project-private xmlns="http://www.netbeans.org/ns/project-private/1">
    <editor-bookmarks xmlns="http://www.netbeans.org/ns/editor-bookmarks/2" lastBookmarkId="0"/>
    <open-files xmlns="http://www.netbeans.org/ns/projectui-open-files/2">
        <group>
            <file>file:/C:/Users/marco/Google%20Drive/USP/Engenharia%20da%20Computação/4º%20Período/POO/Listas-POO-SCC0604/Lista%202/ex1/src/ex1/ex1.java</file>
            <file>file:/C:/Users/marco/Google%20Drive/USP/Engenharia%20da%20Computação/4º%20Período/POO/Listas-POO-SCC0604/Lista%202/ex1/src/ex1/enumConta.java</file>
            <file>file:/C:/Users/marco/Google%20Drive/USP/Engenharia%20da%20Computação/4º%20Período/POO/Listas-POO-SCC0604/Lista%202/ex1/src/ex1/Gerente.java</file>
            <file>file:/C:/Users/marco/Google%20Drive/USP/Engenharia%20da%20Computação/4º%20Período/POO/Listas-POO-SCC0604/Lista%202/ex1/src/ex1/Cartao.java</file>
            <file>file:/C:/Users/marco/Google%20Drive/USP/Engenharia%20da%20Computação/4º%20Período/POO/Listas-POO-SCC0604/Lista%202/ex1/src/ex1/Pessoa_fisica.java</file>
            <file>file:/C:/Users/marco/Google%20Drive/USP/Engenharia%20da%20Computação/4º%20Período/POO/Listas-POO-SCC0604/Lista%202/ex1/src/ex1/Cliente.java</file>
            <file>file:/C:/Users/marco/Google%20Drive/USP/Engenharia%20da%20Computação/4º%20Período/POO/Listas-POO-SCC0604/Lista%202/ex1/src/ex1/Conta.java</file>
            <file>file:/C:/Users/marco/Google%20Drive/USP/Engenharia%20da%20Computação/4º%20Período/POO/Listas-POO-SCC0604/Lista%202/ex1/src/ex1/enumCartao.java</file>
        </group>
    </open-files>
</project-private>
