<?xml version="1.0" encoding="UTF-8"?>
<project-private xmlns="http://www.netbeans.org/ns/project-private/1">
    <editor-bookmarks xmlns="http://www.netbeans.org/ns/editor-bookmarks/2" lastBookmarkId="0"/>
    <open-files xmlns="http://www.netbeans.org/ns/projectui-open-files/2">
        <group>
            <file>file:/C:/Users/Robson/Documents/NetBeansProjects/exemplo18-arvore-aula/src/exemplo18/arvore/aula/ABB.java</file>
            <file>file:/C:/Users/Robson/Documents/NetBeansProjects/exemplo18-arvore-aula/src/exemplo18/arvore/aula/No.java</file>
            <file>file:/C:/Users/Robson/Documents/NetBeansProjects/exemplo18-arvore-aula/src/exemplo18/arvore/aula/Exemplo18ArvoreAula.java</file>
        </group>
    </open-files>
</project-private>
