<?xml version="1.0" encoding="UTF-8"?>
<project-private xmlns="http://www.netbeans.org/ns/project-private/1">
    <editor-bookmarks xmlns="http://www.netbeans.org/ns/editor-bookmarks/2" lastBookmarkId="0"/>
    <open-files xmlns="http://www.netbeans.org/ns/projectui-open-files/2">
        <group>
            <file>file:/C:/Users/marco/Google%20Drive/USP/Engenharia%20da%20Computação/4º%20Período/POO/Listas-POO-SCC0604/Lista%207/ex3/src/ex3/ABB.java</file>
            <file>file:/C:/Users/marco/Google%20Drive/USP/Engenharia%20da%20Computação/4º%20Período/POO/Listas-POO-SCC0604/Lista%207/ex3/src/ex3/Ex3.java</file>
            <file>file:/C:/Users/marco/Google%20Drive/USP/Engenharia%20da%20Computação/4º%20Período/POO/Listas-POO-SCC0604/Lista%207/ex3/src/ex3/No.java</file>
        </group>
    </open-files>
</project-private>
