<?xml version="1.0" encoding="UTF-8"?>
<project-private xmlns="http://www.netbeans.org/ns/project-private/1">
    <data xmlns="http://www.netbeans.org/ns/make-project-private/1">
        <activeConfTypeElem>1</activeConfTypeElem>
        <activeConfIndexElem>0</activeConfIndexElem>
    </data>
    <editor-bookmarks xmlns="http://www.netbeans.org/ns/editor-bookmarks/2" lastBookmarkId="0"/>
    <open-files xmlns="http://www.netbeans.org/ns/projectui-open-files/2">
        <group>
            <file>file:/C:/Users/marco/Google%20Drive/USP/Engenharia%20da%20Computação/4º%20Período/POO/Listas-POO-SCC0604/Lista%2012/ex1/contaCorrente.h</file>
            <file>file:/C:/Users/marco/Google%20Drive/USP/Engenharia%20da%20Computação/4º%20Período/POO/Listas-POO-SCC0604/Lista%2012/ex1/main.cpp</file>
            <file>file:/C:/Users/marco/Google%20Drive/USP/Engenharia%20da%20Computação/4º%20Período/POO/Listas-POO-SCC0604/Lista%2012/ex1/contaCorrente.cpp</file>
        </group>
    </open-files>
</project-private>
