<?xml version="1.0" encoding="UTF-8"?>
<project-private xmlns="http://www.netbeans.org/ns/project-private/1">
    <editor-bookmarks xmlns="http://www.netbeans.org/ns/editor-bookmarks/2" lastBookmarkId="0"/>
    <open-files xmlns="http://www.netbeans.org/ns/projectui-open-files/2">
        <group>
            <file>file:/C:/Users/brcol/Desktop/Git/Listas-POO-SCC0604/Lista%204/ex4/src/ex4/ContaCorrente.java</file>
            <file>file:/C:/Users/brcol/Desktop/Git/Listas-POO-SCC0604/Lista%204/ex4/src/ex4/Ex4.java</file>
        </group>
    </open-files>
</project-private>
