<?xml version="1.0" encoding="UTF-8"?>
<project-private xmlns="http://www.netbeans.org/ns/project-private/1">
    <editor-bookmarks xmlns="http://www.netbeans.org/ns/editor-bookmarks/2" lastBookmarkId="0"/>
    <open-files xmlns="http://www.netbeans.org/ns/projectui-open-files/2">
        <group>
            <file>file:/Users/montanari/NetBeansProjects/Lista3Ex3-pt2/src/lista3ex3/pt2/Casa.java</file>
            <file>file:/Users/montanari/NetBeansProjects/Lista3Ex3-pt2/src/lista3ex3/pt2/Carro.java</file>
            <file>file:/Users/montanari/NetBeansProjects/Lista3Ex3-pt2/src/lista3ex3/pt2/Escola.java</file>
            <file>file:/Users/montanari/NetBeansProjects/Lista3Ex3-pt2/src/lista3ex3/pt2/Lista3Ex3Pt2.java</file>
            <file>file:/Users/montanari/NetBeansProjects/Lista3Ex3-pt2/src/lista3ex3/pt2/Predio.java</file>
        </group>
    </open-files>
</project-private>
