<?xml version="1.0" encoding="UTF-8"?>
<project-private xmlns="http://www.netbeans.org/ns/project-private/1">
    <editor-bookmarks xmlns="http://www.netbeans.org/ns/editor-bookmarks/2" lastBookmarkId="0"/>
    <open-files xmlns="http://www.netbeans.org/ns/projectui-open-files/2">
        <group>
            <file>file:/Users/montanari/NetBeansProjects/ex2_Servidor/src/ex2_servidor/Receiver.java</file>
            <file>file:/Users/montanari/NetBeansProjects/ex2_Servidor/src/ex2_servidor/Sender.java</file>
            <file>file:/Users/montanari/NetBeansProjects/ex2_Servidor/src/ex2_servidor/ClientHandler.java</file>
            <file>file:/Users/montanari/NetBeansProjects/ex2_Servidor/src/ex2_servidor/Server.java</file>
            <file>file:/Users/montanari/NetBeansProjects/ex2_Servidor/src/ex2_servidor/Ex2_Servidor.java</file>
        </group>
    </open-files>
</project-private>
